{
  "builtTestProducts" : [
    {
      "binaryPath" : "\/Users\/karthick\/Desktop\/0055-swift-syntax-command-line-tool\/EnumProperties\/.build\/x86_64-apple-macosx\/debug\/EnumPropertiesPackageTests.xctest\/Contents\/MacOS\/EnumPropertiesPackageTests",
      "packageName" : "EnumProperties",
      "productName" : "EnumPropertiesPackageTests"
    }
  ],
  "copyCommands" : {

  },
  "swiftTargetMap" : {
    "C.EnumProperties-debug.module" : "EnumProperties",
    "C.EnumPropertiesTests-debug.module" : "EnumPropertiesTests",
    "C.generate-enum-properties-debug.module" : "generate-enum-properties",
    "C.SnapshotTesting-debug.module" : "SnapshotTesting",
    "C.SwiftSyntax-debug.module" : "SwiftSyntax"
  },
  "testDiscoveryCommands" : {

  }
}