{
  "": {
    "swift-dependencies": "/Users/karthick/Desktop/0055-swift-syntax-command-line-tool/EnumProperties/.build/x86_64-apple-macosx/debug/EnumProperties.build/master.swiftdeps"
  },
  "/Users/karthick/Desktop/0055-swift-syntax-command-line-tool/EnumProperties/Sources/EnumProperties/EnumProperties.swift": {
    "dependencies": "/Users/karthick/Desktop/0055-swift-syntax-command-line-tool/EnumProperties/.build/x86_64-apple-macosx/debug/EnumProperties.build/EnumProperties.d",
    "object": "/Users/karthick/Desktop/0055-swift-syntax-command-line-tool/EnumProperties/.build/x86_64-apple-macosx/debug/EnumProperties.build/EnumProperties.swift.o",
    "swiftmodule": "/Users/karthick/Desktop/0055-swift-syntax-command-line-tool/EnumProperties/.build/x86_64-apple-macosx/debug/EnumProperties.build/EnumProperties~partial.swiftmodule",
    "swift-dependencies": "/Users/karthick/Desktop/0055-swift-syntax-command-line-tool/EnumProperties/.build/x86_64-apple-macosx/debug/EnumProperties.build/EnumProperties.swiftdeps"
  }
}
