{
  "": {
    "swift-dependencies": "/Users/karthick/Desktop/0055-swift-syntax-command-line-tool/EnumProperties/.build/x86_64-apple-macosx/debug/generate_enum_properties.build/master.swiftdeps"
  },
  "/Users/karthick/Desktop/0055-swift-syntax-command-line-tool/EnumProperties/Sources/generate-enum-properties/main.swift": {
    "dependencies": "/Users/karthick/Desktop/0055-swift-syntax-command-line-tool/EnumProperties/.build/x86_64-apple-macosx/debug/generate_enum_properties.build/main.d",
    "object": "/Users/karthick/Desktop/0055-swift-syntax-command-line-tool/EnumProperties/.build/x86_64-apple-macosx/debug/generate_enum_properties.build/main.swift.o",
    "swiftmodule": "/Users/karthick/Desktop/0055-swift-syntax-command-line-tool/EnumProperties/.build/x86_64-apple-macosx/debug/generate_enum_properties.build/main~partial.swiftmodule",
    "swift-dependencies": "/Users/karthick/Desktop/0055-swift-syntax-command-line-tool/EnumProperties/.build/x86_64-apple-macosx/debug/generate_enum_properties.build/main.swiftdeps"
  }
}
