{"object": {"artifacts": [], "dependencies": [{"basedOn": null, "packageRef": {"identity": "swift-snapshot-testing", "kind": "remote", "name": "SnapshotTesting", "path": "https://github.com/pointfreeco/swift-snapshot-testing.git"}, "state": {"checkoutState": {"branch": null, "revision": "883f0b0623ae55f41f42e2399dab428017896448", "version": "1.5.0"}, "name": "checkout"}, "subpath": "swift-snapshot-testing"}, {"basedOn": null, "packageRef": {"identity": "swift-syntax", "kind": "remote", "name": "SwiftSyntax", "path": "https://github.com/apple/swift-syntax.git"}, "state": {"checkoutState": {"branch": null, "revision": "43aa4a19b8105a803d8149ad2a86aa53a77efef3", "version": "0.50000.0"}, "name": "checkout"}, "subpath": "swift-syntax"}]}, "version": 4}